base_out_state,run_expectancy
None_0,0.9846104520679705
None_1,0.8295114656031904
None_2,0.6842105263157895
Runners_0,1.691956445381103
Runners_1,1.2436001077876584
Runners_2,0.9877622377622378
