base_out_state,run_expectancy
None_0,0.6185567010309279
None_1,0.5870967741935483
None_2,0.41787033926771916
Runners_0,1.1770259638080252
Runners_1,0.9093504639543183
Runners_2,0.7785087719298246
