base_out_state,run_expectancy
None_0,0.9707349517791819
None_1,0.8906304423545803
None_2,0.6297627606038821
Runners_0,1.7416154936230515
Runners_1,1.4078822412155745
Runners_2,1.12784588441331
