base_out_state,run_expectancy
None_0,0.9727528969621047
None_1,0.8665351742274819
None_2,0.6236902050113895
Runners_0,1.7424308907415533
Runners_1,1.3722397476340693
Runners_2,1.1237458193979932
