base_out_state,run_expectancy
None_0,0.4759437453737972
None_1,0.43132328308207707
None_2,0.32532051282051283
Runners_0,0.7609075043630017
Runners_1,0.5618556701030928
Runners_2,0.6081632653061224
