Batter,Average_xBA
Jackson Smith,0.3959856485733046
Zach Zychowski,0.3357584909070283
Nolan Mccrossin,0.30244958688589657
